index,smiles,active
0,CC(=O)C1=CC2=CC=CC=C2OC1=O,1
1,C1COC2=CC=CC=C2C1O,1
2,C1=CC=C2C(=C1)C(=CC(=O)O2)O,1
3,C1=CC(=CC=C1C2=COC3=C(C2=O)C=CC(=C3O)O)O,1
4,C1CC1NC2=C3C(=NC(=N2)N)N(C=N3)[C@@H]4C[C@@H](C=C4)CO,1
5,CCCC(=O)NC1=CC(=C(C=C1)OCC(CNC(C)C)O)C(=O)C,1
6,CC1=CC=C(C=C1)/C(=C\CN2CCCC2)/C3=CC=CC(=N3)/C=C/C(=O)O,1
7,CN(C)C1=CC2=C(C=C1)C=C(C=C2)C(=O)C=C,1
8,C[C@H](CC1=CC=C(C=C1)OC)NC[C@@H](C2=CC(=C(C=C2)O)NC=O)O.C[C@H](CC1=CC=C(C=C1)OC)NC[C@@H](C2=CC(=C(C=C2)O)NC=O)O.C(=C/C(=O)O)\C(=O)O,1
9,CCCSC1=CC2=C(C=C1)N=C(N2)NC(=O)OC,1
10,C(CC(O)(P(=O)(O)O)P(=O)(O)O)CN,1
11,CCC(=O)N(C1=CC=CC=C1)C2(CCN(CC2)CCN3C(=O)N(N=N3)CC)COC,1
12,CN(CCCNC(=O)C1CCCO1)C2=NC3=CC(=C(C=C3C(=N2)N)OC)OC,1
13,CC1=NN=C2N1C3=C(C=C(C=C3)Cl)C(=NC2)C4=CC=CC=C4,1
14,CC(C)NCC(COC1=CC=CC=C1CC=C)O,1
15,CC1([C@@H](N2[C@H](S1)[C@@H](C2=O)NC(=O)[C@@H](C3=CC=CC=C3)N)C(=O)O)C,1
16,C1=CN=CC=C1C2=CNC(=O)C(=C2)N,1
17,CC(C)(C#N)C1=CC(=CC(=C1)CN2C=NC=N2)C(C)(C)C#N,1
18,CC(C)(C)[C@@H](C(=O)N[C@@H](CC1=CC=CC=C1)[C@H](CN(CC2=CC=C(C=C2)C3=CC=CC=N3)NC(=O)[C@H](C(C)(C)C)NC(=O)OC)O)NC(=O)OC,1
19,CC(C)C1=C(C(=C(N1CC[C@H](C[C@H](CC(=O)O)O)O)C2=CC=C(C=C2)F)C3=CC=CC=C3)C(=O)NC4=CC=CC=C4,1
20,C1CC(CCC1C2=CC=C(C=C2)Cl)C3=C(C4=CC=CC=C4C(=O)C3=O)O,1
21,CCCC1C(=O)N2C3=C(C=CC(=C3)C)N=C(N2C1=O)N(C)C,1
22,CC1([C@@H](N2[C@H](S1)[C@@H](C2=O)NC(=O)[C@@H](C3=CC=CC=C3)N=[N+]=[N-])C(=O)O)C,1
23,C[C@H]1[C@@H](C(=O)N1S(=O)(=O)O)NC(=O)/C(=N\OC(C)(C)C(=O)O)/C2=CSC(=N2)N,1
24,C1=CC=C(C=C1)C2=CC(=O)C3=C(O2)C=C(C(=C3O)O)O,1
25,C1=CC=C2C(=C1)C(=CC(=N2)C3=NC4=CC=CC=C4C(=C3)C(=O)[O-])C(=O)[O-].[Na+].[Na+],1
26,C[C@H]1C[C@H]2[C@@H]3CCC4=CC(=O)C=C[C@@]4([C@]3([C@H](C[C@@]2([C@]1(C(=O)CO)O)C)O)Cl)C,1
27,CC(C1=CC2=C(C=C1)OC(=N2)C3=CC=C(C=C3)Cl)C(=O)O,1
28,C[C@H]1C[C@H]2[C@@H]3CCC4=CC(=O)C=C[C@@]4([C@]3([C@H](C[C@@]2([C@]1(C(=O)CO)O)C)O)F)C,1
29,CN(C)[C@H]1[C@@H]2C[C@@H]3CC4=C(C(=CC=C4)O)C(=C3C(=O)[C@@]2(C(=C(C1=O)C(=O)N)O)O)O,1
30,C1C(=O)NC2=C(C=C(C=C2)Br)C(=N1)C3=CC=CC=N3,1
31,CCCC1O[C@@H]2C[C@H]3[C@@H]4CCC5=CC(=O)C=C[C@@]5([C@H]4[C@H](C[C@@]3([C@@]2(O1)C(=O)CO)C)O)C,1
32,CCCCNC1=C(C(=CC(=C1)C(=O)O)S(=O)(=O)N)OC2=CC=CC=C2,1
33,CC(C(=O)C1=CC(=CC=C1)Cl)NC(C)(C)C,1
34,C[C@H](CCCC(C)(C)O)[C@H]1CC[C@@H]\2[C@@]1(CCC/C2=C\C=C/3\C[C@H](C[C@@H](C3=C)O)O)C,1
35,CC[C@@]1(C2=C(COC1=O)C(=O)N3CC4=CC5=CC=CC=C5N=C4C3=C2)O,1
36,C1=CC=C2C(=C1)C=CC3=CC=CC=C3N2C(=O)N,1
37,C[C@H](CC1=CC=C(C=C1)OC)NC[C@@H](C2=C3C=CC(=O)NC3=C(C=C2)O)O,1
38,CC(C1=CC2=C(C=C1)C3=C(N2)C=CC(=C3)Cl)C(=O)O,1
39,C1C(=C(N2[C@H](S1)[C@@H](C2=O)NC(=O)[C@@H](C3=CC=CC=C3)N)C(=O)O)Cl,1
40,CC1=C(N2[C@@H]([C@@H](C2=O)NC(=O)[C@@H](C3=CC=C(C=C3)O)N)SC1)C(=O)O,1
41,CC1=NN=C(S1)SCC2=C(N3[C@@H]([C@@H](C3=O)NC(=O)CN4C=NN=N4)SC2)C(=O)O,1
42,CC(C)(C(=O)O)O/N=C(/C1=CSC(=N1)N)\C(=O)N[C@H]2[C@@H]3N(C2=O)C(=C(CS3)C[N+]4=CC=CC=C4)C(=O)[O-],1
43,CC1=CC=C(C=C1)C2=CC(=NN2C3=CC=C(C=C3)S(=O)(=O)N)C(F)(F)F,1
44,CC1=C(N2[C@@H]([C@@H](C2=O)NC(=O)[C@@H](C3=CC=CC=C3)N)SC1)C(=O)O,1
45,C1=CC(=CC=C1[C@H]([C@@H](CO)NC(=O)C(Cl)Cl)O)[N+](=O)[O-],1
46,C1=CC=C(C=C1)C2=NC(C(=O)NC3=C2C=C(C=C3)Cl)C(=O)O,1
47,CN=C1CN(C(=C2C=C(C=CC2=N1)Cl)C3=CC=CC=C3)O,1
48,C1=C2C(=CC(=C1Cl)S(=O)(=O)N)S(=O)(=O)N=CN2,1
49,CN(C)CCCN1C2=CC=CC=C2SC3=C1C=C(C=C3)Cl,1
50,CCCNC(=O)NS(=O)(=O)C1=CC=C(C=C1)Cl,1
51,C1=CC=C2C(=C1)C(=O)NC2(C3=CC(=C(C=C3)Cl)S(=O)(=O)N)O,1
52,C1=CC=C2C(=C1)C(=O)C=C(O2)C(=O)O,1
53,CC1=C(N=CN1)CSCCNC(=NC)NC#N,1
54,C1CC1N2C=C(C(=O)C3=CC(=C(C=C32)N4CCNCC4)F)C(=O)O,1
55,CCOC(=O)C(C)(C)OC1=CC=C(C=C1)Cl,1
56,CN(C)CCCN1C2=CC=CC=C2CCC3=C1C=C(C=C3)Cl,1
57,C1CN=C(N1)NC2=C(C=CC=C2Cl)Cl,1
58,C1=CC=C(C=C1)C(C2=CC=CC=C2)(C3=CC=CC=C3Cl)N4C=CN=C4,1
59,CC1=C(C(=NO1)C2=CC=CC=C2Cl)C(=O)N[C@H]3[C@@H]4N(C3=O)[C@H](C(S4)(C)C)C(=O)O,1
60,CC1=CC(=C(C=C1)O)OC,1
61,CC[C@H]1C(=O)N(CC(=O)N([C@H](C(=O)N[C@H](C(=O)N([C@H](C(=O)N[C@H](C(=O)N[C@@H](C(=O)N([C@H](C(=O)N([C@H](C(=O)N([C@H](C(=O)N([C@H](C(=O)N1)[C@@H]([C@H](C)C/C=C/C)O)C)C(C)C)C)CC(C)C)C)CC(C)C)C)C)C)CC(C)C)C)C(C)C)CC(C)C)C)C,1
62,C1=CN(C(=O)N=C1N)[C@H]2[C@H]([C@@H]([C@H](O2)CO)O)O,1
63,C1=CC(=CC=C1C2=COC3=C(C2=O)C=CC(=C3)O)O,1
64,C1=CC(=CC=C1C2=COC3=C(C2=O)C=CC(=C3)O)O,1
65,CN(C)C1=CC=CC2=C1C=CC=C2S(=O)(=O)N[C@@H](CCCN=C(N)N)C(=O)O,1
66,CN(C)C1=CC=CC2=C1C=CC=C2S(=O)(=O)N[C@@H](CC(=O)N)C(=O)O,1
67,CN(C)C1=CC=CC2=C1C=CC=C2S(=O)(=O)N[C@@H](CCC(=O)O)C(=O)O,1
68,CCC[C@@H](C(=O)O)NS(=O)(=O)C1=CC=CC2=C1C=CC=C2N(C)C,1
69,CN(C)C1=CC=CC2=C1C=CC=C2S(=O)(=O)N[C@@H](CC3=CC=CC=C3)C(=O)O,1
70,CN(C)C1=CC=CC2=C1C=CC=C2S(=O)(=O)N3CCC[C@H]3C(=O)O,1
71,CN(C)C1=CC=CC2=C1C=CC=C2S(=O)(=O)N(C)CC(=O)O,1
72,C1=CC(=CC=C1N)S(=O)(=O)C2=CC=C(C=C2)N,1
73,CC(C)CN(C[C@H]([C@H](CC1=CC=CC=C1)NC(=O)O[C@H]2CO[C@@H]3[C@H]2CCO3)O)S(=O)(=O)C4=CC=C(C=C4)N,1
74,CNCCCN1C2=CC=CC=C2CCC3=CC=CC=C31,1
75,CN1C(=O)CN=C(C2=C1C=CC(=C2)Cl)C3=CC=CC=C3,1
76,C1=CC=C(C(=C1)CC(=O)O)NC2=C(C=CC=C2Cl)Cl,1
77,CC1=C(C(=NO1)C2=C(C=CC=C2Cl)Cl)C(=O)N[C@H]3[C@@H]4N(C3=O)[C@H](C(S4)(C)C)C(=O)O,1
78,C1=CC=C2C(=C1)C(=C(C(=O)O2)CC3=C(C4=CC=CC=C4OC3=O)O)O,1
79,C1C[C@@H](O[C@@H]1CO)N2C=NC3=C2N=CNC3=O,1
80,C1=CC(=C(C=C1C2=C(C=C(C=C2)F)F)C(=O)O)O,1
81,C[C@@H]1[C@H]([C@H](C[C@@H](O1)O[C@@H]2[C@H](O[C@H](C[C@@H]2O)O[C@@H]3[C@H](O[C@H](C[C@@H]3O)O[C@H]4CC[C@]5([C@@H](C4)CC[C@@H]6[C@@H]5CC[C@]7([C@@]6(CC[C@@H]7C8=CC(=O)OC8)O)C)C)C)C)O)O,1
82,CN(C)CCOC(C1=CC=CC=C1)C2=CC=CC=C2,1
83,CC[C@@H]1[C@@]([C@H]2[C@H]([C@H]([C@@H](C[C@@]([C@@H]([C@H]([C@@H]([C@H](C(=O)O1)C)O[C@H]3C[C@@]([C@H]([C@@H](O3)C)O)(C)OC)C)O[C@H]4[C@@H]([C@H](C[C@H](O4)C)N(C)C)O)(C)O)C)N[C@H](O2)COCCOC)C)(C)O,1
84,CC1=C2[C@H](C(=O)[C@@]3([C@H](C[C@@H]4[C@]([C@H]3[C@@H]([C@@](C2(C)C)(C[C@@H]1OC(=O)[C@@H]([C@H](C5=CC=CC=C5)NC(=O)OC(C)(C)C)O)O)OC(=O)C6=CC=CC=C6)(CO4)OC(=O)C)O)C)O,1
85,C1=CC(=C(C=C1CCN)O)O,1
86,C[C@@H]1[C@H]2[C@@H]([C@H]3[C@@H](C(=O)C(=C([C@]3(C(=O)C2=C(C4=C1C=CC=C4O)O)O)O)C(=O)N)N(C)C)O,1
87,C1CN(CC=C1N2C3=CC=CC=C3NC2=O)CCCC(=O)C4=CC=C(C=C4)F,1
88,CN1C2=C(C(=O)N(C1=O)C)N(C=N2)CC(CO)O,1
89,C1[C@H](O[C@H](S1)CO)N2C=C(C(=NC2=O)N)F,1
90,C[C@@H]1[C@@H]2[C@H](C(=O)N2C(=C1S[C@H]3C[C@H](NC3)C(=O)NC4=CC=CC(=C4)C(=O)O)C(=O)O)[C@@H](C)O,1
91,C[C@]12CC[C@H]3[C@H]([C@@H]1CC[C@@H]2O)CCC4=C3C=CC(=C4)O,1
92,CCC1=C2C(=CC=C1)C3=C(N2)C(OCC3)(CC)CC(=O)O,1
93,CC1=NC=C(C=C1)C2=C(C=C(C=N2)Cl)C3=CC=C(C=C3)S(=O)(=O)C,1
94,CC1=CC(=CC(=C1OC2=NC(=NC(=C2Br)N)NC3=CC=C(C=C3)C#N)C)C#N,1
95,C1=CC=C(C=C1)C(COC(=O)N)COC(=O)N,1
96,C1=CC=C(C=C1)C2=CC=C(C=C2)C(=O)CCC(=O)O,1
97,CC(C1=CC(=CC=C1)OC2=CC=CC=C2)C(=O)O,1
98,C1=C(C=C(C(=C1C(=O)O)I)I)I,1
99,CC1=C(C(=NO1)C2=C(C=CC=C2Cl)F)C(=O)N[C@H]3[C@@H]4N(C3=O)[C@H](C(S4)(C)C)C(=O)O,1
100,C1=CC=C(C(=C1)C(=O)O)NC2=CC=CC(=C2)C(F)(F)F,1
101,C1=CC=C2C(=C1)C(=O)OC23C4=C(C=C(C=C4)O)OC5=C3C=CC(=C5)O,1
102,CC(C1=CC(=C(C=C1)C2=CC=CC=C2)F)C(=O)O,1
103,C1=COC(=C1)CNC2=CC(=C(C=C2C(=O)O)S(=O)(=O)N)Cl,1
104,C[C@H]1[C@@H]2CC[C@]3([C@H]([C@]2(CC[C@H]1O)C)[C@@H](C[C@@H]\4[C@@]3(C[C@@H](/C4=C(/CCC=C(C)C)\C(=O)O)OC(=O)C)C)O)C,1
105,C1=NC2=C(N1COC(CO)CO)N=C(NC2=O)N,1
106,C1=CC(=CC=C1C2=COC3=CC(=CC(=C3C2=O)O)O)O,1
107,C1=CC=C(C(=C1)C(=O)O)NC2=C3C=CC(=CC3=NC=C2)Cl,1
108,COC1=C(C=C(C=C1)Cl)C(=O)NCCC2=CC=C(C=C2)S(=O)(=O)NC(=O)NC3CCCCC3,1
109,C(C(F)(F)F)(Cl)Br,1
110,CC1=C(C2=CC3=C(C(=C([N-]3)C=C4C(=C(C(=N4)C=C5C(=C(C(=N5)C=C1[N-]2)C)C=C)C)C=C)C)CCC(=O)O)CCC(=O)O.[Fe+2],1
111,C1NC2=CC(=C(C=C2S(=O)(=O)N1)S(=O)(=O)N)Cl,1
112,C[C@]12CCC(=O)C=C1CC[C@@H]3[C@@H]2[C@H](C[C@]4([C@H]3CC[C@@]4(C(=O)CO)O)C)O,1
113,CC(C)CC1=CC=C(C=C1)C(C)C(=O)O,1
114,CN(C)CCCN1C2=CC=CC=C2CCC3=CC=CC=C31,1
115,C1=CC=C2C(=C1)C(=CN2)CC(=O)O,1
116,CC1=C(C2=C(N1C(=O)C3=CC=C(C=C3)Cl)C=CC(=C2)OC)CC(=O)O,1
117,C1=CC=C2C(=C1)C(=CN2)OS(=O)(=O)O,1
118,C1=C(C(=C(C(=C1I)NC(=O)CCCCC(=O)NC2=C(C=C(C(=C2I)C(=O)O)I)I)I)C(=O)O)I,1
119,CCC(CC1=C(C(=C(C=C1I)I)N)I)C(=O)O,1
120,CCC(CC1=C(C(=C(C=C1I)I)O)I)C(=O)O,1
121,CC1=CC(=NO1)NC(=O)C2=C(C3=CC=CC=C3S(=O)(=O)N2C)O,1
122,C=C(CC(=O)C1=CC=C(C=C1)C2=CC=CC=C2Cl)C(=O)O,1
123,CCC(C)N1C(=O)N(C=N1)C2=CC=C(C=C2)N3CCN(CC3)C4=CC=C(C=C4)OC[C@H]5CO[C@](O5)(CN6C=NC=N6)C7=C(C=C(C=C7)Cl)Cl,1
124,CC(=O)N1CCN(CC1)C2=CC=C(C=C2)OC[C@H]3CO[C@](O3)(CN4C=CN=C4)C5=C(C=C(C=C5)Cl)Cl,1
125,CC(C1=CC(=CC=C1)C(=O)C2=CC=CC=C2)C(=O)O,1
126,C1CN2C(=CC=C2C(=O)C3=CC=CC=C3)C1C(=O)O,1
127,C1[C@@H]([C@H]([C@@H](C(O1)(CO)O)O)O)O,1
128,CC(CCC1=CC=CC=C1)NCC(C2=CC(=C(C=C2)O)C(=O)N)O,1
129,C1=CC(=C(C(=C1)Cl)Cl)C2=C(N=C(N=N2)N)N,1
130,C1CN(CCN1CCOCC(=O)O)[C@H](C2=CC=CC=C2)C3=CC=C(C=C3)Cl,1
131,C[C@H]1COC2=C3N1C=C(C(=O)C3=CC(=C2N4CCN(CC4)C)F)C(=O)O,1
132,CCN(CC)CC(=O)NC1=C(C=CC=C1C)C,1
133,CC1=C(C(=CC=C1)C)OCC(=O)N[C@@H](CC2=CC=CC=C2)[C@H](C[C@H](CC3=CC=CC=C3)NC(=O)[C@H](C(C)C)N4CCCNC4=O)O,1
134,C([C@H]([C@H]([C@@H]([C@@H](CO)O)O)O)O)O,1
135,CC1=C(C(=CC=C1)NC2=CC=CC=C2C(=O)O)C,1
136,CC1=CN=C(S1)NC(=O)C2=C(C3=CC=CC=C3S(=O)(=O)N2C)O,1
137,CN(CC1=CN=C2C(=N1)C(=NC(=N2)N)N)C3=CC=C(C=C3)C(=O)N[C@@H](CCC(=O)O)C(=O)O,1
138,C[C@H]1C[C@H]2[C@@H]3CC[C@@]([C@]3(C[C@@H]([C@@H]2[C@@]4(C1=CC(=O)C=C4)C)O)C)(C(=O)CO)O,1
139,CC1([C@@H](N2[C@H](S1)[C@@H](C2=O)NC(=O)C3=C(C=CC=C3OC)OC)C(=O)O)C,1
140,CN(C)[C@H]1[C@@H]2C[C@@H]3CC4=C(C=CC(=C4C(=C3C(=O)[C@@]2(C(=C(C1=O)C(=O)N)O)O)O)O)N(C)C,1
141,C1CCN(CC1)C2=NC(=N)N(C(=C2)N)O,1
142,CC1=C(N2[C@@H]([C@@](C2=O)(NC(=O)[C@H](C3=CC=C(C=C3)O)C(=O)O)OC)OC1)C(=O)O,1
143,CCCCCCCCCCCCCC(=O)O,1
144,CCN1C=C(C(=O)C2=C1N=C(C=C2)C)C(=O)O,1
145,C1=CC=C2C=CC=CC2=C1,1
146,C[C@@H](C1=CC2=C(C=C1)C=C(C=C2)OC)C(=O)O,1
147,C1C(OC2=CC(=CC(=C2C1=O)O)O)C3=CC=C(C=C3)O,1
148,CC1=C(C=CC=C1O)C(=O)N[C@@H](CSC2=CC=CC=C2)[C@@H](CN3C[C@H]4CCCC[C@H]4C[C@H]3C(=O)NC(C)(C)C)O,1
149,CC1=C(C(C(=C(N1)C)C(=O)OCCN(C)CC2=CC=CC=C2)C3=CC(=CC=C3)[N+](=O)[O-])C(=O)OC,1
150,C1=CC(=CC(=C1)NC2=C(C=CC=N2)C(=O)O)C(F)(F)F,1
151,CS(=O)(=O)NC1=C(C=C(C=C1)[N+](=O)[O-])OC2=CC=CC=C2,1
152,CN/C(=C\[N+](=O)[O-])/NCCSCC1=CSC(=N1)CN(C)C,1
153,CCN1C=C(C(=O)C2=CC(=C(C=C21)N3CCNCC3)F)C(=O)O,1
154,CC1=C(C=CC2=C1OC(=O)C(=C2O)NC(=O)C3=CC(=C(C=C3)O)CC=C(C)C)O[C@H]4[C@@H]([C@@H]([C@H](C(O4)(C)C)OC)OC(=O)N)O,1
155,CCCCCO[C@@H]1[C@H]([C@@H]([C@H]([C@@H](O1)CO)O)O)O,1
156,C[C@@H]1CC2=C(C=C(C(=C2C(=O)O1)O)C(=O)N[C@@H](CC3=CC=CC=C3)C(=O)O)Cl,1
157,CC1=NC=CN1CC2CCC3=C(C2=O)C4=CC=CC=C4N3C,1
158,C1=CC=C(C=C1)C2=NC(C(=O)NC3=C2C=C(C=C3)Cl)O,1
159,CC(C)NCC(COC1=CC=CC=C1OCC=C)O,1
160,CCCCC1C(=O)N(N(C1=O)C2=CC=C(C=C2)O)C3=CC=CC=C3,1
161,CCOC1=CC=C(C=C1)NC(=O)C,1
162,CCC(C1=CC=CC=C1)C2=C(C3=CC=CC=C3OC2=O)O,1
163,CCCCC1C(=O)N(N(C1=O)C2=CC=CC=C2)C3=CC=CC=C3,1
164,C1=CC=C(C=C1)C2(C(=O)NC(=O)N2)C3=CC=CC=C3,1
165,CC(C)NCC(COC1=CC=CC2=C1C=CN2)O,1
166,CN1C(=C(C2=CC=CC=C2S1(=O)=O)O)C(=O)NC3=CC=CC=N3,1
167,CC(C1=CC2=C(C=C1)OC3=C(C2)C=CC=N3)C(=O)O,1
168,COC1=C(C=C2C(=C1)C(=NC(=N2)N3CCN(CC3)C(=O)C4=CC=CO4)N)OC,1
169,C[C@]12C[C@@H]([C@H]3[C@H]([C@@H]1CC[C@@]2(C(=O)CO)O)CCC4=CC(=O)C=C[C@]34C)O,1
170,CC(=O)[C@H]1CC[C@@H]2[C@@]1(CC[C@H]3[C@H]2CC=C4[C@@]3(CC[C@@H](C4)O)C)C,1
171,CCCN(CCC)S(=O)(=O)C1=CC=C(C=C1)C(=O)O,1
172,CCN(CC)CCNC(=O)C1=CC=C(C=C1)N,1
173,CCN(CC)CCOC(=O)C1=CC=C(C=C1)N,1
174,CC(=O)[C@H]1CC[C@@H]2[C@@]1(CC[C@H]3[C@H]2CCC4=CC(=O)CC[C@]34C)C,1
175,CN(C)CCCN1C2=CC=CC=C2SC3=CC=CC=C31,1
176,CC(C)C1=C(C(=CC=C1)C(C)C)O,1
177,CC(C)NCC(COC1=CC=CC2=CC=CC=C21)O,1
178,CCCC1=CC(=O)NC(=S)N1,1
179,CNCCCC1C2=CC=CC=C2C=CC3=CC=CC=C13,1
180,CC(CN1C=NC2=C1C(=O)N(C(=O)N2C)C)O,1
181,C1=CC(=C(C=C1C2=C(C(=O)C3=C(C=C(C=C3O2)O)O)O)O)O,1
182,COC1=CC2=C(C=CN=C2C=C1)[C@@H]([C@H]3C[C@@H]4CCN3C[C@@H]4C=C)O,1
183,COC1=CC2=C(C=CN=C2C=C1)[C@H]([C@@H]3C[C@@H]4CCN3C[C@@H]4C=C)O,1
184,C1=CC=C2C(=C1)C=CC=N2,1
185,CN/C(=C\[N+](=O)[O-])/NCCSCC1=CC=C(O1)CN(C)C,1
186,CC(C)C1=NC(=CS1)CN(C)C(=O)N[C@@H](C(C)C)C(=O)N[C@@H](CC2=CC=CC=C2)C[C@@H]([C@H](CC3=CC=CC=C3)NC(=O)OCC4=CN=CS4)O,1
187,CS(=O)(=O)C1=CC=C(C=C1)C2=C(C(=O)OC2)C3=CC=CC=C3,1
188,CCCN(CCC)CCC1=C2CC(=O)NC2=CC=C1,1
189,CC(C)(C)NCC(C1=CC(=C(C=C1)O)CO)O,1
190,C1=CC=C(C(=C1)C(=O)N)O,1
191,C1=CC=C(C=C1)CCCCOCCCCCCNCC(C2=CC(=C(C=C2)O)CO)O,1
192,C1=CC=C(C(=C1)C(=O)OC2=CC=CC=C2C(=O)O)O,1
193,CC(C)(C)NC(=O)[C@@H]1C[C@@H]2CCCC[C@@H]2CN1C[C@H]([C@H](CC3=CC=CC=C3)NC(=O)[C@H](CC(=O)N)NC(=O)C4=NC5=CC=CC=C5C=C4)O,1
194,CN1[C@@H]2CC(C[C@H]1[C@H]3[C@@H]2O3)OC(=O)[C@H](CO)C4=CC=CC=C4,1
195,CC(C)NCC(C1=CC=C(C=C1)NS(=O)(=O)C)O,1
196,CC1=CN(C(=O)NC1=O)[C@H]2C=C[C@H](O2)CO,1
197,COC1=NC(=NC(=C1)NS(=O)(=O)C2=CC=C(C=C2)N)OC,1
198,CC1=NN=C(S1)NS(=O)(=O)C2=CC=C(C=C2)N,1
199,CC1=CC(=NO1)NS(=O)(=O)C2=CC=C(C=C2)N,1
200,COC1=NN=C(C=C1)NS(=O)(=O)C2=CC=C(C=C2)N,1
201,COC1=NC=CN=C1NS(=O)(=O)C2=CC=C(C=C2)N,1
202,CC1=C(OC(=N1)NS(=O)(=O)C2=CC=C(C=C2)N)C,1
203,C1=CC=NC(=C1)NS(=O)(=O)C2=CC=C(C=C2)N,1
204,C1=CC=NC(=C1)NS(=O)(=O)C2=CC=C(C=C2)N=NC3=CC(=C(C=C3)O)C(=O)O,1
205,C1=CC=C(C=C1)N2C(=O)C(C(=O)N2C3=CC=CC=C3)CCS(=O)C4=CC=CC=C4,1
206,CC1=C(ON=C1C)NS(=O)(=O)C2=CC=C(C=C2)N,1
207,CC\1=C(C2=C(/C1=C\C3=CC=C(C=C3)S(=O)C)C=CC(=C2)F)CC(=O)O,1
208,CNS(=O)(=O)CC1=CC2=C(C=C1)NC=C2CCN(C)C,1
209,CC(C1=CC=C(C=C1)C(=O)C2=CC=CS2)C(=O)O,1
210,CC/C(=C(\C1=CC=CC=C1)/C2=CC=C(C=C2)OCCN(C)C)/C3=CC=CC=C3,1
211,CN1C(=C(C2=C(S1(=O)=O)C=CS2)O)C(=O)NC3=CC=CC=N3,1
212,COC1=C(C=C2C(=C1)C(=NC(=N2)N3CCN(CC3)C(=O)C4CCCO4)N)OC,1
213,CC(C)(C)C#C/C=C/CN(C)CC1=CC=CC2=CC=CC=C21,1
214,C[C@]12CC[C@H]3[C@H]([C@@H]1CC[C@@H]2O)CCC4=CC(=O)CC[C@]34C,1
215,CCCCNC1=CC=C(C=C1)C(=O)OCCN(C)C,1
216,C[C@@]1([C@H]2C[C@H]3[C@@H](C(=O)C(=C([C@]3(C(=O)C2=C(C4=C1C=CC=C4O)O)O)O)C(=O)N)N(C)C)O,1
217,CC1=CC(=O)C(=CC1=O)C(C)C,1
218,CCC[C@]1(CC(=C(C(=O)O1)[C@H](CC)C2=CC(=CC=C2)NS(=O)(=O)C3=NC=C(C=C3)C(F)(F)F)O)CCC4=CC=CC=C4,1
219,CCCCNC(=O)NS(=O)(=O)C1=CC=C(C=C1)C,1
220,CC1=CC=C(C=C1)C(=O)C2=CC=C(N2C)CC(=O)O,1
221,CN(C)C[C@H]1CCCC[C@@]1(C2=CC(=CC=C2)OC)O,1
222,CN(C)CCCN1C2=CC=CC=C2SC3=C1C=C(C=C3)C(F)(F)F,1
223,COC1=CC(=CC(=C1OC)OC)CC2=CN=C(N=C2N)N,1
224,CC1=C(C(=NO1)C2=CC=CC=C2)C3=CC=C(C=C3)S(=O)(=O)N,1
225,CCCC(CCC)C(=O)O,1
226,CC(C)C(CCCN(C)CCC1=CC(=C(C=C1)OC)OC)(C#N)C2=CC(=C(C=C2)OC)OC,1
227,CN(C)CCC1=CNC2=C1C=C(C=C2)C[C@H]3COC(=O)N3,1
228,CC1=C(N(C(=C1)CC(=O)O)C)C(=O)C2=CC=C(C=C2)Cl,1
229,C1=C(C(=O)NC(=O)N1)F,0
230,CC(=O)NC1=CC=C(C=C1)O,0
231,C1=NC2=C(N1COCCO)N=C(NC2=O)N,0
232,C1=NNC2=C1C(=O)NC=N2,0
233,C1[C@@H]([C@H]([C@@H]([C@H]([C@@H]1NC(=O)[C@H](CCN)O)O[C@@H]2[C@@H]([C@H]([C@@H]([C@H](O2)CO)O)N)O)O)O[C@@H]3[C@@H]([C@H]([C@@H]([C@H](O3)CN)O)O)O)N,0
234,C1(=C(N=C(C(=N1)Cl)N)N)C(=O)N=C(N)N,0
235,CCN1CCCC1CNC(=O)C2=CC(=C(C=C2OC)N)S(=O)(=O)CC,0
236,CC1([C@@H](N2[C@H](S1)[C@@H](C2=O)NC(=O)[C@@H](C3=CC=C(C=C3)O)N)C(=O)O)C,0
237,CC(CC1=CC=CC=C1)N,0
238,CC1=CC(=O)N(N1C)C2=CC=CC=C2,0
239,C[C@@H]1CCN([C@H](C1)C(=O)O)C(=O)[C@H](CCCN=C(N)N)NS(=O)(=O)C2=CC=CC3=C2NCC(C3)C,0
240,CC(C)NCC(COC1=CC=C(C=C1)CC(=O)N)O,0
241,CNC(=NC)NCC1=CC=CC=C1,0
242,CC1=C(N=C(N=C1N)[C@H](CC(=O)N)NC[C@@H](C(=O)N)N)C(=O)N[C@@H]([C@H](C2=CN=CN2)OC3C(C(C(C(O3)CO)O)O)OC4C(C(C(C(O4)CO)O)OC(=O)N)O)C(=O)N[C@H](C)[C@H]([C@H](C)C(=O)N[C@@H]([C@@H](C)O)C(=O)NCCC5=NC(=CS5)C6=NC(=CS6)C(=O)NCCC[S+](C)C)O,0
243,CS(=O)(=O)OCCCCOS(=O)(=O)C,0
244,CN1C=NC2=C1C(=O)N(C(=O)N2C)C,0
245,C[C@H](CS)C(=O)N1CCC[C@H]1C(=O)O,0
246,C[N+]1(CCCC1)CC2=C(N3[C@@H]([C@@H](C3=O)NC(=O)/C(=N\OC)/C4=CSC(=N4)N)SC2)C(=O)[O-],0
247,CC1=C(N2[C@@H]([C@@H](C2=O)NC(=O)[C@@H](C3=CCC=CC3)N)SC1)C(=O)O,0
248,C1C(=C(N2[C@H](S1)[C@@H](C2=O)NC(=O)CC3=CC=CS3)C(=O)[O-])C[N+]4=CC=CC=C4,0
249,CN1CC[C@]23[C@@H]4[C@H]1CC5=C2C(=C(C=C5)OC)O[C@H]3[C@H](C=C4)O,0
250,C1=CC2=C(C(=C1)OCC(COC3=CC=CC4=C3C(=O)C=C(O4)C(=O)O)O)C(=O)C=C(O2)C(=O)O,0
251,C1CNP(=O)(OC1)N(CCCl)CCCl,0
252,C1[C@@H]([C@H](O[C@H]1N2C=NC(=NC2=O)N)CO)O,0
253,C1=CC=C(C=C1)N2C(=O)C3=CC=CC=C3[Se]2,0
254,CC[C@@H]1[C@@]([C@@H]([C@H]([C@H]([C@@H](C[C@@]([C@@H]([C@H]([C@@H]([C@H](C(=O)O1)C)O[C@H]2C[C@@]([C@H]([C@@H](O2)C)O)(C)OC)C)O[C@H]3[C@@H]([C@H](C[C@H](O3)C)N(C)C)O)(C)O)C)N)C)O)(C)O,0
255,CCC1(CC(=O)NC1=O)C,0
256,C[C@@H]1OC[C@@H]2[C@@H](O1)[C@@H]([C@H]([C@@H](O2)O[C@H]3[C@H]4COC(=O)[C@@H]4[C@@H](C5=CC6=C(C=C35)OCO6)C7=CC(=C(C(=C7)OC)O)OC)O)O,0
257,CC(CC1=CC=C(C=C1)O)NCC(C2=CC(=CC(=C2)O)O)O,0
258,C1=CC(=C(C=C1F)F)C(CN2C=NC=N2)(CN3C=NC=N3)O,0
259,C1=NC(=O)NC(=C1F)N,0
260,C1=NC2=C(N=C(N=C2N1[C@H]3[C@H]([C@@H]([C@H](O3)COP(=O)(O)O)O)O)F)N,0
261,C[C@H]1[C@H](O1)P(=O)(O)O,0
262,C1CCC(CC1)(CC(=O)O)CN,0
263,CN1CC[C@@]23C=C[C@@H](C[C@@H]2OC4=C(C=CC(=C34)C1)OC)O,0
264,C1=CN(C(=O)N=C1N)[C@H]2C([C@@H]([C@H](O2)CO)O)(F)F,0
265,C1CCCN(CCC1)CCN=C(N)N,0
266,CC(=O)O[C@H]1C=C[C@H]2[C@H]3CC4=C5[C@]2([C@H]1OC5=C(C=C4)OC(=O)C)CCN3C,0
267,CN1CC[C@]23[C@@H]4[C@H]1CC5=C2C(=C(C=C5)OC)O[C@H]3C(=O)CC4,0
268,CC(C)(C)NC(=O)[C@@H]1CN(CCN1C[C@H](C[C@@H](CC2=CC=CC=C2)C(=O)N[C@@H]3[C@@H](CC4=CC=CC=C34)O)O)CC5=CN=CC=C5,0
269,CC(=O)N(CC(CO)O)C1=C(C(=C(C(=C1I)C(=O)NCC(CO)O)I)C(=O)NCC(CO)O)I,0
270,CC(=O)N(C)C1=C(C(=C(C(=C1I)C(=O)NCC(=O)NC2=C(C(=C(C(=C2I)C(=O)O)I)C(=O)NCCO)I)I)C(=O)NC)I,0
271,CC(=O)N(CC(CO)O)C1=C(C(=C(C(=C1I)C(=O)NCC(CO)O)I)C(=O)NCCO)I,0
272,CNC1(CCCCC1=O)C2=CC=CC=C2Cl,0
273,CC[C@@H](C(=O)N)N1CCCC1=O,0
274,C1C[C@H](N(C1)C(=O)[C@H](CCCCN)N[C@@H](CCC2=CC=CC=C2)C(=O)O)C(=O)O,0
275,C1=CC(=CC=C1C[C@@H](C(=O)O)N)N(CCCl)CCCl,0
276,CCC1(CCCCN(C1)C)C2=CC(=CC=C2)O,0
277,C1=NC2=C(N1)C(=S)N=CN2,0
278,CN(C)C(=N)N=C(N)N,0
279,CN1C=CNC1=S,0
280,C[C@](CC1=CC(=C(C=C1)O)O)(C(=O)O)N,0
281,CC(C)NCC(COC1=CC=C(C=C1)CCOC)O,0
282,CN1CC[C@]23[C@@H]4[C@H]1CC5=C2C(=C(C=C5)O)O[C@H]3[C@H](C=C4)O,0
283,CC(C)(C)NCC(COC1=CC=CC2=C1C[C@@H]([C@@H](C2)O)O)O,0
284,COC1=NC(=NC2=C1N=CN2[C@H]3[C@H]([C@@H]([C@H](O3)CO)O)O)N,0
285,CN1CCC[C@H]1C2=CN=CC=C2,0
286,CCC(CC)O[C@@H]1C=C(C[C@@H]([C@H]1NC(=O)C)N)C(=O)OCC,0
287,CC1([C@@H](N2[C@H](S1)[C@@H](C2=O)NC(=O)COC3=CC=CC=C3)C(=O)O)C,0
288,C1[C@@H]([C@H](O[C@H]1N2C=NC3=C2NC=NC[C@H]3O)CO)O,0
289,CC(C)NCC(COC1=CC=C(C=C1)NC(=O)C)O,0
290,CCCN[C@H]1CCC2=C(C1)SC(=N2)N,0
291,CN(C)CCC1=CNC2=C1C=C(C=C2)CN3C=NC=N3,0
292,CC(C)NCC(C1=CC=C(C=C1)NS(=O)(=O)C)O,0
293,C[C@@H]1C/C=C/C=C/[C@@H]([C@@H](C[C@@H]([C@@H]([C@H]([C@@H](CC(=O)O1)O)OC)OC2C(C(C(C(O2)C)OC3CC(C(C(O3)C)O)(C)O)N(C)C)O)CC=O)C)OC4CCC(C(O4)C)N(C)C,0
294,C[C@H](CN1C=NC2=C(N=CN=C21)N)OCP(=O)(O)O,0
295,C1CN1P(=S)(N2CC2)N3CC3,0
296,CC(C)(C)NC[C@@H](COC1=NSN=C1N2CCOCC2)O,0
297,CC1(O[C@@H]2CO[C@@]3([C@H]([C@@H]2O1)OC(O3)(C)C)COS(=O)(=O)N)C,0
298,CC[C@@]1(C2=C(COC1=O)C(=O)N3CC4=CC5=C(C=CC(=C5CN(C)C)O)N=C4C3=C2)O,0
299,C1CC(CCC1CN)C(=O)O,0
300,CN(C)CC(C1=CC=C(C=C1)OC)C2(CCCCC2)O,0
301,C1C[C@@H](O[C@@H]1CO)N2C=CC(=NC2=O)N,0
302,CC(=O)N[C@@H]1[C@H](C=C(O[C@H]1[C@@H]([C@@H](CO)O)O)C(=O)O)N=C(N)N,0
303,CC1=CN(C(=O)NC1=O)[C@H]2C[C@@H]([C@H](O2)CO)N=[N+]=[N-],0
304,CC(C)CC1=CC=C(C=C1)C(C)C(=O)NS(=O)(=O)C,1
305,C1=COC(=C1)CCC(=O)O,1
306,C1=C(C=C(C(=C1C(=O)O)O)I)I,1
307,COC1=CC2=C(C=CN=C2C=C1)CO,1
308,C1=CC(=CC=C1C2=COC3=C(C2=O)C=CC(=C3)OS(=O)(=O)O)OS(=O)(=O)O,1
309,C1=CC(=CC=C1C2=COC3=C(C2=O)C=CC(=C3)O)OS(=O)(=O)O,1
310,COC1=CC2=C(C=C1)N=CC=C2,1
311,C1=CC=C(C=C1)CC2=CC(=O)NC(=S)N2,1
312,C1=CC(=C(C=C1C2=COC3=CC(=C(C=C3C2=O)O)O)O)O,1
313,C1=CC(=CC=C1C2=COC3=C(C2=O)C=CC(=C3)OS(=O)(=O)O)O,1
314,CCCCC1=C(C2=CC=CC=C2O1)C(=O)C3=CC(=C(C(=C3)I)OCCN(CC)CC)I,1
315,CCC1=C(C=C2CC(CC2=C1)NCC(C3=C4C=CC(=O)NC4=C(C=C3)O)O)CC,1
316,CC1C=CC=CC=CC=CC=CC=CC=CC(CC2C(C(CC(O2)(CC(CC(C(CCC(CC(CC(=O)OC(C(C1O)C)C)O)O)O)O)O)O)O)C(=O)O)OC3C(C(C(C(O3)C)O)N)O,1
317,C1CC(=O)NC2=C1C=CC(=C2)OCCCCN3CCN(CC3)C4=C(C(=CC=C4)Cl)Cl,1
318,C1=CN(C(=O)N=C1N)C2C(C(C(O2)COP(=O)(O)O)O)F,1
319,CCCC1=C(C(=C(O1)CCC(=O)O)C(=O)O)C,1
320,CN(C)C1=CC=CC2=C1C=CC=C2S(=O)(=O)N,1
321,CN(C)C1=CC=CC2=C1C=CC=C2S(=O)(=O)NCC(=O)O,1
322,C1=CC(=C(C=C1Cl)C(=O)O)O,1
323,C1CC1C#CC2(C3=C(C=CC(=C3)Cl)NC(=O)O2)C(F)(F)F,1
324,CCC1=CC(=C(C=C1)O)OC,1
325,CC(CC(=O)C1=CC=C(C=C1)C2=CC=CC=C2)C(=O)O,1
326,C1=CC=C(C(=C1)C2=CC=C(C=C2)C(C(=O)O)O)Cl,1
327,C1=CC=C(C(=C1)C2=CC=C(C=C2)C(=O)O)[Cl],1
328,C1=CC=C(C(=C1)C2=CC=C(C=C2)CC(=O)O)[Cl],1
329,C1=CC(=C(C=C1Cl)Cl)OCC(=O)O,1
330,C1=C(C=C(C(=C1I)OC2=CC(=C(C(=C2)I)O)I)I)CC(C(=O)O)N,1
331,C(C1C(C(C(C(O1)OC2C(OC(C(C2O)O)OC3C(OC(C(C3O)O)OC4C(OC(C(C4O)O)OC(C(CO)O)C(C(C=O)O)O)CO)CO)CO)O)O)O)O,1
332,CC1=C2C(=NC=C1)N(C3=C(C=CC=N3)C(=O)N2)C4CC4,1
333,CNCCC=C1C2=CC=CC=C2CCC3=CC=CC=C31,1
334,CCC(=O)NS(=O)(=O)C1=CC=C(C=C1)C2=C(ON=C2C3=CC=CC=C3)C,1
335,CC(C)NCC(COC1=CC=C(C=C1)NC(=O)C)O,1
336,CCC(=O)C1=CC2=C(C=C1)SC3=CC=CC=C3N2CC(C)N(C)C,1
337,CCN(CC)CCCC(C)NC1=C2C=CC(=CC2=NC=C1)Cl,1
338,CC(=O)CC(C1=CC=CC=C1)C2=C(C3=CC=CC=C3OC2=O)O,1
339,CC(C1=CC=C(C=C1)C(=O)C2=CC=CS2)C(=O)OC,1
340,C1=CC=C2C(=C1)C(=CC=N2)CO,0
341,CCC1C(C(C(N(CC(CC(C(C(C(C(C(=O)O1)C)OC2CC(C(C(O2)C)O)(C)OC)C)OC3C(C(CC(O3)C)N(C)C)O)(C)O)C)C)C)O)(C)O,0
0,CC1=CN=C(C=N1)C(=O)NCCC2=CC=C(C=C2)S(=O)(=O)NC(=O)NC3CCCCC3,1
1,CC(=O)NCCOC(=O)C(C1=CC=C(C=C1)Cl)OC2=CC=CC(=C2)C(F)(F)F,1
2,C1CN(CCC1(C2=CC=C(C=C2)Cl)O)CCCC(=O)C3=CC=C(C=C3)F,1
3,CN1C(=O)CN=C(C2=C1C=CC(=C2)[N+](=O)[O-])C3=CC=CC=C3F,1
4,CC(C1=CC=C(C=C1)N2CC3=CC=CC=C3C2=O)C(=O)O,1
5,CC1=C(C(CCC1)(C)C)/C=C/C(=C/C=C/C(=C\C(=O)O)/C)/C,1
6,CCN1C=C(C(=O)C2=CC(=C(C(=C21)F)N3CCNC(C3)C)F)C(=O)O,0
7,C1CC(=C(N2[C@H]1[C@@H](C2=O)NC(=O)[C@@H](C3=CC=CC=C3)N)C(=O)O)Cl,0
8,CCOC(=O)N1CCC(=C2C3=C(CCC4=C2N=CC=C4)C=C(C=C3)Cl)CC1,1
9,C1=CC=C(C(=C1)C2=NC(C(=O)NC3=C2C=C(C=C3)Cl)O)Cl,1
10,CC(C)N1CCC(CC1)N(C2=CC=C(C=C2)Cl)C(=O)CC3=CC=CC=C3,1
11,CC[C@H](C)C(=O)O[C@H]1C[C@H](C=C2[C@H]1[C@H]([C@H](C=C2)C)CC[C@@H]3C[C@H](CC(=O)O3)O)C,1
12,C1CCNC(C1)C(C2=CC(=NC3=C2C=CC=C3C(F)(F)F)C(F)(F)F)O,1
13,C1=CC(=CC=C1C[C@@H](C(=O)O)N)N(CCCl)CCCl,1
14,CCOC(=O)C1(CCN(CC1)C)C2=CC=CC=C2,0
15,CC1=C(C(=CC=C1)C)NC(=O)C2CCCCN2C,1
16,CC1([C@@H](N2[C@H](S1)[C@@H](C2=O)NC(=O)C3=C(C=CC=C3OC)OC)C(=O)O)C,0
17,CC1=NC=C(N1CCO)[N+](=O)[O-],0
18,CC1=NC=C2N1C3=C(C=C(C=C3)Cl)C(=NC2)C4=CC=CC=C4F,1
19,CC#C[C@@]1(CC[C@@H]2[C@@]1(C[C@@H](C3=C4CCC(=O)C=C4CC[C@@H]23)C5=CC=C(C=C5)N(C)C)C)O,1
20,CC(=O)CCC1=CC2=C(C=C1)C=C(C=C2)OC,1
21,CN1C[C@@H](C[C@]2([C@H]1CC3=CN(C4=CC=CC2=C34)C)OC)COC(=O)C5=CC(=CN=C5)Br,1
22,C1=CC(=C(C=C1[C@H](CN)O)O)O,1
23,CNCCC=C1C2=CC=CC=C2CCC3=CC=CC=C31,1
24,CC1=CN=C(C(=C1OC)C)CS(=O)C2=NC3=C(N2)C=C(C=C3)OC,1
25,CC1=C2[C@H](C(=O)[C@@]3([C@H](C[C@@H]4[C@]([C@H]3[C@@H]([C@@](C2(C)C)(C[C@@H]1OC(=O)[C@@H]([C@H](C5=CC=CC=C5)NC(=O)C6=CC=CC=C6)O)O)OC(=O)C7=CC=CC=C7)(CO4)OC(=O)C)O)C)OC(=O)C,1
26,CCC(C1=CC=CC=C1)(C(=O)N)C(=O)N,0
27,C1CCN(C1)C2=C(C(=CC(=C2)C(=O)O)S(=O)(=O)N)OC3=CC=CC=C3,1
28,CC(C1=CC(=C(C=C1)N2CC=CC2)Cl)C(=O)O,1
29,CC[C@H](C)C(=O)O[C@H]1C[C@@H](C=C2[C@H]1[C@H]([C@H](C=C2)C)CC[C@H](C[C@H](CC(=O)O)O)O)O,1
30,C1=NC(=NN1[C@H]2[C@@H]([C@@H]([C@H](O2)CO)O)O)C(=O)N,0
31,C[C@H]1/C=C/C=C(\C(=O)N=C2C(=C3C(=C4C2=NC5(N4)CCN(CC5)CC(C)C)C6=C(C(=C3O)C)O[C@@](C6=O)(O/C=C/[C@@H]([C@H]([C@H]([C@@H]([C@@H]([C@@H]([C@H]1O)C)O)C)OC(=O)C)C)OC)C)O)/C,1
32,C[C@H]1/C=C/C=C(\C(=O)NC2=C(C(=C3C(=C2O)C(=C(C4=C3C(=O)[C@](O4)(O/C=C/[C@@H]([C@H]([C@H]([C@@H]([C@@H]([C@@H]([C@H]1O)C)O)C)OC(=O)C)C)OC)C)C)O)O)/C=N/N5CCN(CC5)C)/C,1
33,C[C@H](CC1=CC=CC=C1)N(C)CC#C,1
34,CN[C@H]1CC[C@H](C2=CC=CC=C12)C3=CC(=C(C=C3)Cl)Cl,1
35,CCC(C)(C)C(=O)O[C@H]1C[C@H](C=C2[C@H]1[C@H]([C@H](C=C2)C)CC[C@@H]3C[C@H](CC(=O)O3)O)C,1
36,C1=CC(=C(C=C1C2(C3=C(C(=C(C(=C3Br)Br)Br)Br)C(=O)O2)C4=CC(=C(C=C4)O)S(=O)(=O)O)S(=O)(=O)O)O,1
37,CC(C)(C)NCC(C1=CC(=CC(=C1)O)O)O,1
38,CN1C2=C(C(=O)N(C1=O)C)NC=N2,1
39,CCCCCC1=CC(=C2[C@@H]3C=C(CC[C@H]3C(OC2=C1)(C)C)C)O,1
40,CCCC(C)C1(C(=O)NC(=S)NC1=O)CC,1
41,C1CN(CC2=C1SC=C2)CC3=CC=CC=C3Cl,1
42,CCOC(=O)C1=C(SC2=C1CCN(C2)CC3=CC=CC=C3)N,1
43,CC1=C(C(=CC=C1)C)NC(=O)C(C)N,0
44,CC(=O)CC(C1=CC=C(C=C1)[N+](=O)[O-])C2=C(C3=CC=CC=C3OC2=O)O,1
45,CCCCC1=C(C2=CC=CC=C2O1)C(=O)C3=CC(=C(C(=C3)I)OCCN(CC)CC)I,1
46,CC1=C(NC(=C1CCC(=O)O)CC2=C(C(=C(N2)/C=C\3/C(=C(C(=O)N3)C)C=C)C)CCC(=O)O)/C=C\4/C(=C(C(=O)N4)C=C)C,1
47,CN(C)CCN(C)N1C=C(C2=CC=CC=C21)C3=CC=CC=C3,1
48,CCCCN1CCCCC1C(=O)NC2=C(C=CC=C2C)C,1
49,C[C@]([C@H]1C[C@@]23CC[C@@]1([C@H]4[C@@]25CCN([C@@H]3CC6=C5C(=C(C=C6)O)O4)CC7CC7)OC)(C(C)(C)C)O,1
50,C1C(=C(N2[C@H](S1)[C@@H](C2=O)NC(=O)[C@@H](C3=CC=CC=C3)S(=O)(=O)O)C(=O)[O-])C[N+]4=CC=C(C=C4)C(=O)N,0
51,CC1=C(N2[C@@H]([C@@H](C2=O)NC(=O)[C@@H](C3=CCC=CC3)N)SC1)C(=O)O,0
52,CC1=NC=C2C(OCC2=C1O)C3=CC=C(C=C3)Cl,1
53,CC(C)(C(=O)O)OC1=CC=C(C=C1)Cl,1
54,CC1=C(C2=C(N1CC(=O)O)C=C(C=C2)OC)C(=O)C3=CC=C(C=C3)Cl,1
55,C[C@@H]1[C@H]([C@H](C[C@@H](O1)O[C@@H]2[C@H](O[C@H](C[C@@H]2O)O[C@@H]3[C@H](O[C@H](C[C@@H]3O)O[C@H]4CC[C@]5([C@@H](C4)CC[C@@H]6[C@@H]5C[C@H]([C@]7([C@@]6(CC[C@@H]7C8=CC(=O)OC8)O)C)O)C)C)C)O)O,0
56,C1=CN=CC=C1C(=O)NN,0
57,CC[C@@H](CO)NCCN[C@@H](CC)CO,0
58,C1=CC=C(C=C1)C2=NC(=C(S2)CC(=O)O)C3=CC=C(C=C3)Cl,1
59,C1=CC=C2C(=C1)C(=O)C(C2=O)C3=CC=C(C=C3)F,1
60,CNCCC(C1=CC=CC=C1)OC2=CC=C(C=C2)C(F)(F)F,1
61,CCN(CC)CCN1C(=O)CN=C(C2=C1C=CC(=C2)Cl)C3=CC=CC=C3F,1
62,C[C@]12CC[C@H]3[C@H]([C@@H]1CC[C@@H]2O)[C@@H](CC4=C3C=CC(=C4)O)CCCCCCCCCS(=O)CCCC(C(F)(F)F)(F)F,1
63,CC(C1CCC(C(O1)OC2C(CC(C(C2O)OC3C(C(C(CO3)(C)O)NC)O)N)N)N)NC,0
64,CC(=O)NC1=NN=C(S1)S(=O)(=O)N,1
65,C[C@H]1[C@@H]([C@H]([C@H]([C@@H](O1)O[C@H]2C[C@H]([C@@]3([C@@H]4[C@@H](CC[C@@]3(C2)O)[C@]5(CC[C@@H]([C@]5(C[C@H]4O)C)C6=CC(=O)OC6)O)CO)O)O)O)O,1
66,CCC[C@@H]1C[C@H](N(C1)C)C(=O)N[C@@H]([C@@H]2[C@@H]([C@@H]([C@H]([C@H](O2)SC)O)O)O)[C@H](C)Cl,1
67,COC1=C(C=C(C=C1)Cl)C(=O)NCCC2=CC=C(C=C2)S(=O)(=O)NC(=O)NC3CCCCC3,1
68,COC1=C(C=C(C=C1)Cl)C(=O)NCCC2=CC=C(C=C2)S(=O)(=O)NC(=O)NC3CCCCC3,1
69,COP(=S)(OC)OC1=CC=C(C=C1)[N+](=O)[O-],1
70,CC1NC2=CC(=C(C=C2C(=O)N1C3=CC=CC=C3C)S(=O)(=O)N)Cl,1
71,C[N+]1=CC=C(C=C1)C2=CC=[N+](C=C2)C,1
72,CC(=O)S[C@@H]1CC2=CC(=O)CC[C@@]2([C@@H]3[C@@H]1[C@@H]4CC[C@]5([C@]4(CC3)C)CCC(=O)O5)C,1
73,CC[C@@]1(C[C@@H]2C[C@@](C3=C(CCN(C2)C1)C4=CC=CC=C4N3)(C5=C(C=C6C(=C5)[C@]78CCN9[C@H]7[C@@](C=CC9)([C@H]([C@@]([C@@H]8N6C=O)(C(=O)OC)O)OC(=O)C)CC)OC)C(=O)OC)O,1
74,CNC[C@@H]([C@H]([C@@H]([C@@H](CO)O)O)O)O.C1CN(CCN(CCN(CCN1CC(=O)O)CC(=O)[O-])CC(=O)[O-])CC(=O)[O-].[Gd+3],0
75,CC(CN1CCN(CCN(CCN(CC1)CC(=O)[O-])CC(=O)[O-])CC(=O)[O-])O.[Gd+3],0
76,CNC[C@@H]([C@H]([C@@H]([C@@H](CO)O)O)O)O.CNC[C@@H]([C@H]([C@@H]([C@@H](CO)O)O)O)O.C(CN(CC(=O)O)CC(=O)[O-])N(CCN(CC(=O)O)CC(=O)[O-])CC(=O)[O-].[Gd+3],0
77,C1CN(CCN(CCN(CCN1CC(=O)[O-])CC(=O)[O-])C(CO)C(CO)O)CC(=O)[O-].[Gd+3],0
78,CC(=O)OCC1=C(N2[C@@H]([C@@H](C2=O)NC(=O)CCC[C@H](C(=O)O)N)SC1)C(=O)O,0
79,C1C(=C(N2[C@H](S1)[C@@H](C2=O)NC(=O)[C@@H](C3=CC=CC=C3)S(=O)(=O)O)C(=O)[O-])C[N+]4=CC=C(C=C4)C(=O)N,0
80,CC1=C(N2[C@@H]([C@@H](C2=O)NC(=O)[C@@H](C3=CCC=CC3)N)SC1)C(=O)O,0
81,CC(=O)OCC1=C(N2[C@@H]([C@@H](C2=O)NC(=O)[C@@H](C3=CC=CC=C3)N)SC1)C(=O)O,0
82,C1C2CC3CC1CC(C2)(C3)N,1
83,C1=CC=C(C=C1)C2=CC(=O)C3=C(O2)C=C(C=C3)O,1
84,COC1=CC=C(C=C1)/C=C/C2=CC(=CC(=C2)OC)OC,1
85,CN(C)CCC=C1C2=CC=CC=C2CCC3=CC=CC=C31,1
86,C1=CC(=CC=C1C2=CC(=O)C3=C(O2)C=C(C(=C3O)[C@H]4[C@@H]([C@H]([C@@H]([C@H](O4)CO)O)O)O)O)O,1
87,COC1=CC=C(C=C1)C2=COC3=CC(=CC(=C3C2=O)O)O,1
88,COC1=C(C=C(C=C1)C2=COC3=C(C2=O)C=CC(=C3)O)O,1
89,CN(C)CCC(C1=CC=C(C=C1)Cl)C2=CC=CC=N2,1
90,CC(=O)O[C@@H]1[C@@H](SC2=CC=CC=C2N(C1=O)CCN(C)C)C3=CC=C(C=C3)OC,1
91,COC1=C(C=C(C=C1)C2=CC(=O)C3=C(C=C(C=C3O2)O)O)O,1
92,CN(C)CC/C=C/1\C2=CC=CC=C2COC3=CC=CC=C31,1
93,C1=C(N=C(S1)N=C(N)N)CSCC/C(=N/S(=O)(=O)N)/N,0
94,C1C(OC2=CC=CC=C2C1=O)C3=CC=CC=C3,1
95,C1=CC=C(C=C1)C2=CC(=O)C3=CC=CC=C3O2,1
96,COC1=CC=C(C=C1)C2=COC3=C(C2=O)C=CC(=C3)O,1
97,CNCCC(C1=CC=CC=C1)OC2=CC=C(C=C2)C(F)(F)F,1
98,COC1=CC(=C2C(=C1)OC(=CC2=O)C3=CC=C(C=C3)O)O,1
99,C1=CC(=C(C=C1C2=C(C(=O)C3=C(C=C(C=C3O2)O)O)O[C@H]4[C@@H]([C@H]([C@H]([C@H](O4)CO)O)O)O)O)O,1
100,CC1CC2=CC=CC=C2N1NC(=O)C3=CC(=C(C=C3)Cl)S(=O)(=O)N,1
101,CN1C2C(N(C1=O)C)N(C(=O)N2C)C,0
102,COC1=C(C=CC(=C1)/C=C/C2=CC(=CC(=C2)O)O)O,1
103,C1[C@H](OC2=C(C1=O)C=CC(=C2)O)C3=CC=C(C=C3)O,1
104,CN1C2=C(C=C(C=C2)Cl)C(=NC(C1=O)O)C3=CC=CC=C3Cl,1
105,C[C@@H]1[C@H]([C@@H]([C@@H]([C@H](O1)OC[C@@H]2[C@H]([C@@H]([C@H]([C@@H](O2)OC3=CC(=C4C(=O)C[C@H](OC4=C3)C5=CC(=C(C=C5)OC)OC)O)O)O)O)O)O)O,1
106,CC1=C(C(C(=C(N1)C)C(=O)OC)C2=CC=CC=C2[N+](=O)[O-])C(=O)OC,1
107,CC1=C(C(C(=C(N1)C)C(=O)OC(C)C)C2=CC(=CC=C2)[N+](=O)[O-])C(=O)OCCOC,1
108,C1C(=O)NC2=C(C=C(C=C2)[N+](=O)[O-])C(=N1)C3=CC=CC=C3,1
109,CCOC(=O)C1=C(NC(=C(C1C2=CC(=CC=C2)[N+](=O)[O-])C(=O)OC)C)C,1
110,COC1=C(C=C(C=C1)C2=CC(=O)C3=C(O2)C(=C(C(=C3OC)OC)OC)OC)OC,1
111,C1=CC(=C(C=C1O)O)/C=C/C2=CC(=CC(=C2)O)O,1
112,C1=CC(=C(C=C1/C=C/C2=CC(=CC(=C2)O)O)O)O,1
113,C1=CC(=CC=C1/C=C/C2=CC(=CC(=C2)O[C@H]3[C@@H]([C@H]([C@@H]([C@H](O3)CO)O)O)O)O)O,1
114,COC1=CC(=CC(=C1)O)/C=C/C2=CC=C(C=C2)O,1
115,COC1=CC(=CC(=C1)/C=C/C2=CC=C(C=C2)O)OC,1
116,C1=CC(=CC=C1/C=C/C2=CC(=CC(=C2)O)O)O,1
117,COC1=C(C=C(C=C1)/C=C/C2=CC(=CC(=C2)O)O)O,1
118,C[C@H]1[C@@H]([C@H]([C@H]([C@@H](O1)OC[C@@H]2[C@H]([C@@H]([C@H]([C@@H](O2)OC3=C(OC4=CC(=CC(=C4C3=O)O)O)C5=CC(=C(C=C5)O)O)O)O)O)O)O)O,1
119,C1=CC(=CC=C1C2=CC(=O)C3=C(C(=C(C=C3O2)O[C@H]4[C@@H]([C@H]([C@@H]([C@H](O4)C(=O)O)O)O)O)O)O)O,1
120,C1=CC(=CC=C1C2=COC3=CC(=CC(=C3C2=O)O)O)O[C@H]4[C@@H]([C@H]([C@@H]([C@H](O4)CO)O)O)O,1
121,COC1=CC=C(C=C1)C2=CC(=O)C3=C(O2)C(=C(C(=C3OC)OC)OC)OC,1
122,COC1=C(C=C2C(=C1O)C(=O)C(=CO2)C3=CC=C(C=C3)O)O[C@H]4[C@@H]([C@H]([C@@H]([C@H](O4)CO)O)O)O,1
123,COC1=C(C2=C(C=C1O)OC=C(C2=O)C3=CC=C(C=C3)O)O,1
124,C1=CC(=CC=C1C2=CC(=O)C3=C(O2)C(=C(C=C3O)O)[C@H]4[C@@H]([C@H]([C@@H]([C@H](O4)CO)O)O)O)O,1
125,COC1=C(C=C(C2=C1OC(=CC2=O)C3=CC=CC=C3)O)O[C@H]4[C@@H]([C@H]([C@@H]([C@H](O4)C(=O)O)O)O)O,1
126,C1CC(=O)N(C1)CC(=O)N,0
127,C[C@H]1[C@@H]([C@H]([C@H]([C@@H](O1)O[C@H]2C[C@H]([C@@]3([C@@H]4[C@@H](CC[C@@]3(C2)O)[C@]5(CC[C@@H]([C@]5(C[C@H]4O)C)C6=CC(=O)OC6)O)CO)O)O)O)O,0
128,C1=CC(=C(C=C1C[C@@H](C(=O)O)N)O)O,0
129,C1=CC(=C(C(=C1CNNC(=O)C(CO)N)O)O)O,0
130,CC[C@H](C)[C@@H](C(=O)N1CCC[C@H]1C(=O)N[C@@H](CCC(=O)O)C(=O)N[C@@H](CCC(=O)O)C(=O)N[C@@H](CC2=CC=C(C=C2)O)C(=O)N[C@@H](CC(C)C)C(=O)O)NC(=O)[C@H](CCC(=O)O)NC(=O)[C@H](CCC(=O)O)NC(=O)[C@H](CC3=CC=CC=C3)NC(=O)[C@H](CC(=O)O)NC(=O)CNC(=O)[C@H](CC(=O)N)NC(=O)CNC(=O)CNC(=O)CNC(=O)CNC(=O)[C@@H]4CCCN4C(=O)[C@H](CCCNC(=N)N)NC(=O)[C@@H]5CCCN5C(=O)[C@@H](CC6=CC=CC=C6)N,0
131,C1CC(=O)N[C@@H]1C(=O)N2CSC[C@H]2C(=O)O,0
132,C[C@@H]1CC(=O)[C@]2([C@@H](O1)O[C@@H]3[C@H]([C@@H]([C@@H]([C@@H]([C@H]3O2)NC)O)NC)O)O,0
133,CS(=O)(=O)C1=CC=C(C=C1)[C@H]([C@@H](CF)NC(=O)C(Cl)Cl)O,0
134,CCOC(=O)C1=C(NC(=C(C1C2=CC=CC=C2Cl)C(=O)OC)C)COCCN,1
135,CN1CC(=O)N=C1N,0
136,C(CC(C(F)F)(C(=O)O)N)CN,0
137,CCN(C)C(=O)OC1=CC=CC(=C1)[C@H](C)N(C)C,0
138,CCN1CCN(CC1)CC2=CN=C(C=C2)NC3=NC=C(C(=N3)C4=CC5=C(C(=C4)F)N=C(N5C(C)C)C)F,1
139,COC1=C(C=C(C=C1)CNC2=NC(=NC=C2C(=O)NCC3=NC=CC=N3)N4CCC[C@H]4CO)Cl,1
140,CN1C[C@@H]2[C@@H](C1)C3=C(C=CC(=C3)Cl)OC4=CC=CC=C24,1
141,CC#CC(=O)N1CCC[C@H]1C2=NC(=C3N2C=CN=C3N)C4=CC=C(C=C4)C(=O)NC5=CC=CC=N5,1
142,CC1=C(SC(=N1)NC(=O)N2CCC[C@H]2C(=O)N)C3=CC(=NC=C3)C(C)(C)C(F)(F)F,1
143,CCCCC[C@@H](/C=C/[C@H]1[C@@H](CC(=O)[C@@H]1CCCCCCC(=O)O)O)O,1
